木村拓哉,きむらたくや,075-111-2221
稲垣五郎,いながきごろう,075-111-2222
香取慎吾,かとりしんご,075-111-2223
木村拓哉,きむらたくや,075-111-2224
稲垣五郎,いながきごろう,075-111-2225
香取慎吾,かとりしんご,075-111-2226
木村拓哉,きむらたくや,075-111-2227
稲垣五郎,いながきごろう,075-111-2228
香取慎吾,かとりしんご,075-111-2229
木村拓哉,きむらたくや,075-111-2230
稲垣五郎,いながきごろう,075-111-2231
香取慎吾,かとりしんご,075-111-2232
木村拓哉,きむらたくや,075-111-2233
稲垣五郎,いながきごろう,075-111-2234
香取慎吾,かとりしんご,075-111-2235
木村拓哉,きむらたくや,075-111-2236
稲垣五郎,いながきごろう,075-111-2237
香取慎吾,かとりしんご,075-111-2238
木村拓哉,きむらたくや,075-111-2239
稲垣五郎,いながきごろう,075-111-2240
香取慎吾,かとりしんご,075-111-2241
木村拓哉,きむらたくや,075-111-2242
稲垣五郎,いながきごろう,075-111-2243
香取慎吾,かとりしんご,075-111-2244
木村拓哉,きむらたくや,075-111-2245
稲垣五郎,いながきごろう,075-111-2246
香取慎吾,かとりしんご,075-111-2247
木村拓哉,きむらたくや,075-111-2248
稲垣五郎,いながきごろう,075-111-2249
香取慎吾,かとりしんご,075-111-2250
木村拓哉,きむらたくや,075-111-2251
稲垣五郎,いながきごろう,075-111-2252
香取慎吾,かとりしんご,075-111-2253
木村拓哉,きむらたくや,075-111-2254
稲垣五郎,いながきごろう,075-111-2255
香取慎吾,かとりしんご,075-111-2256
木村拓哉,きむらたくや,075-111-2257
稲垣五郎,いながきごろう,075-111-2258
香取慎吾,かとりしんご,075-111-2259
木村拓哉,きむらたくや,075-111-2260
稲垣五郎,いながきごろう,075-111-2261
香取慎吾,かとりしんご,075-111-2262
木村拓哉,きむらたくや,075-111-2263
稲垣五郎,いながきごろう,075-111-2264
香取慎吾,かとりしんご,075-111-2265
木村拓哉,きむらたくや,075-111-2266
稲垣五郎,いながきごろう,075-111-2267
香取慎吾,かとりしんご,075-111-2268
木村拓哉,きむらたくや,075-111-2269
稲垣五郎,いながきごろう,075-111-2270
香取慎吾,かとりしんご,075-111-2271
木村拓哉,きむらたくや,075-111-2272
稲垣五郎,いながきごろう,075-111-2273
香取慎吾,かとりしんご,075-111-2274
木村拓哉,きむらたくや,075-111-2275
稲垣五郎,いながきごろう,075-111-2276
香取慎吾,かとりしんご,075-111-2277
木村拓哉,きむらたくや,075-111-2278
稲垣五郎,いながきごろう,075-111-2279
香取慎吾,かとりしんご,075-111-2280
木村拓哉,きむらたくや,075-111-2281
稲垣五郎,いながきごろう,075-111-2282
香取慎吾,かとりしんご,075-111-2283
木村拓哉,きむらたくや,075-111-2284
稲垣五郎,いながきごろう,075-111-2285
香取慎吾,かとりしんご,075-111-2286
木村拓哉,きむらたくや,075-111-2287
稲垣五郎,いながきごろう,075-111-2288
香取慎吾,かとりしんご,075-111-2289
木村拓哉,きむらたくや,075-111-2290
稲垣五郎,いながきごろう,075-111-2291
香取慎吾,かとりしんご,075-111-2292
木村拓哉,きむらたくや,075-111-2293
稲垣五郎,いながきごろう,075-111-2294
香取慎吾,かとりしんご,075-111-2295
木村拓哉,きむらたくや,075-111-2296
稲垣五郎,いながきごろう,075-111-2297
香取慎吾,かとりしんご,075-111-2298
木村拓哉,きむらたくや,075-111-2299
稲垣五郎,いながきごろう,075-111-2300
香取慎吾,かとりしんご,075-111-2301
木村拓哉,きむらたくや,075-111-2302
稲垣五郎,いながきごろう,075-111-2303
香取慎吾,かとりしんご,075-111-2304
木村拓哉,きむらたくや,075-111-2305
稲垣五郎,いながきごろう,075-111-2306
香取慎吾,かとりしんご,075-111-2307
木村拓哉,きむらたくや,075-111-2308
稲垣五郎,いながきごろう,075-111-2309
香取慎吾,かとりしんご,075-111-2310
木村拓哉,きむらたくや,075-111-2311
稲垣五郎,いながきごろう,075-111-2312
香取慎吾,かとりしんご,075-111-2313
木村拓哉,きむらたくや,075-111-2314
稲垣五郎,いながきごろう,075-111-2315
香取慎吾,かとりしんご,075-111-2316
木村拓哉,きむらたくや,075-111-2317
稲垣五郎,いながきごろう,075-111-2318
香取慎吾,かとりしんご,075-111-2319
木村拓哉,きむらたくや,075-111-2320
稲垣五郎,いながきごろう,075-111-2321
